{
  "scale": 1000000000,
  "window_mode": "even-window",
  "window_size": 2000000,
  "seed": null,
  "score_function_name": "log",
  "gap_count": 411157,
  "counterexample_count": 0,
  "match_count": 411157,
  "max_gap": 192,
  "counterexample_examples": [],
  "winner_d4_count": 339060,
  "winner_edge2_count": 151580,
  "left_count": 313418,
  "right_count": 66218,
  "center_count": 31521,
  "baseline_d4_count": 1355152,
  "baseline_edge2_count": 788170,
  "interior_count": 7519477,
  "interval_count": 4,
  "runtime_seconds": 11.26755391759798,
  "min_log_score_margin": 1.000000082740371e-09,
  "min_margin_gap": {
    "left_prime": 999996919,
    "right_prime": 999996983,
    "gap": 64,
    "best_n_z": 999996922,
    "best_d_z": 4,
    "best_n_lex": 999996922,
    "best_d_lex": 4,
    "log_score_margin": 1.000000082740371e-09
  },
  "match_rate": 1.0,
  "counterexample_rate": 0.0,
  "observed_d4_share": 0.8246484919386026,
  "baseline_d4_share": 0.1802189168209438,
  "d4_enrichment": 4.5758153832315545,
  "observed_edge2_share": 0.3686669569045401,
  "baseline_edge2_share": 0.10481713023392451,
  "edge2_enrichment": 3.5172395588561867,
  "left_share": 0.7622830208411872,
  "right_share": 0.16105283383233168,
  "center_share": 0.07666414532648112,
  "window_count": 4,
  "window_starts": [
    2,
    332666669,
    665333335,
    998000002
  ]
}
