{
  "scale": 20000000,
  "window_mode": "exact",
  "window_size": 19999999,
  "seed": null,
  "score_function_name": "log",
  "gap_count": 1163198,
  "counterexample_count": 0,
  "match_count": 1163198,
  "max_gap": 180,
  "counterexample_examples": [],
  "winner_d4_count": 959730,
  "winner_edge2_count": 454944,
  "left_count": 880549,
  "right_count": 186496,
  "center_count": 96153,
  "baseline_d4_count": 3703790,
  "baseline_edge2_count": 2219315,
  "interior_count": 18621984,
  "interval_count": 1,
  "runtime_seconds": 24.857985415961593,
  "min_log_score_margin": 5.000119429610095e-08,
  "min_margin_gap": {
    "left_prime": 19999519,
    "right_prime": 19999537,
    "gap": 18,
    "best_n_z": 19999522,
    "best_d_z": 4,
    "best_n_lex": 19999522,
    "best_d_lex": 4,
    "log_score_margin": 5.000119429610095e-08
  },
  "match_rate": 1.0,
  "counterexample_rate": 0.0,
  "observed_d4_share": 0.8250787914009481,
  "baseline_d4_share": 0.19889341543844094,
  "d4_enrichment": 4.148346437624107,
  "observed_edge2_share": 0.3911148402937419,
  "baseline_edge2_share": 0.11917715104899672,
  "edge2_enrichment": 3.281793840943091,
  "left_share": 0.757006975596588,
  "right_share": 0.16033039946767447,
  "center_share": 0.0826626249357375
}
