{
  "exact_full_runs": [
    {
      "scale": 1000000,
      "gap_count": 70327,
      "observed_edge2_share": 0.43600608585607237,
      "baseline_edge2_share": 0.22185858570959013,
      "edge2_enrichment": 1.9652432402449296,
      "observed_d4_share": 0.8290272583787166,
      "baseline_d4_share": 0.20140064321856735,
      "d4_enrichment": 4.11630889122348,
      "left_share": 0.7455742460221536,
      "right_share": 0.16018030059578825,
      "center_share": 0.0942454533820581,
      "window_mode": "exact",
      "window_size": 999999,
      "sampled_gap_count": 70327,
      "approximate_gap_count": 70327,
      "seed": null
    },
    {
      "scale": 10000000,
      "gap_count": 605597,
      "observed_edge2_share": 0.4007714701360806,
      "baseline_edge2_share": 0.20273469726253182,
      "edge2_enrichment": 1.976827230600298,
      "observed_d4_share": 0.8254581842380329,
      "baseline_d4_share": 0.179609512370556,
      "d4_enrichment": 4.595848924387776,
      "left_share": 0.7548650340077643,
      "right_share": 0.1602385744975619,
      "center_share": 0.08489639149467385,
      "window_mode": "exact",
      "window_size": 9999999,
      "sampled_gap_count": 605597,
      "approximate_gap_count": 605597,
      "seed": null
    }
  ],
  "even_window_runs": [
    {
      "scale": 100000000,
      "gap_count": 5321132,
      "observed_edge2_share": 0.37175604739743345,
      "baseline_edge2_share": 0.18714011615272313,
      "edge2_enrichment": 1.9865117914859427,
      "observed_d4_share": 0.8240605570393668,
      "baseline_d4_share": 0.16296585768001615,
      "d4_enrichment": 5.0566454150010465,
      "left_share": 0.7621983442620855,
      "right_share": 0.1605318191693046,
      "center_share": 0.07726983656860983,
      "window_mode": "even",
      "window_size": 10000000,
      "sampled_gap_count": 5321132,
      "approximate_gap_count": 5321132,
      "seed": null
    },
    {
      "scale": 1000000000,
      "gap_count": 4821396,
      "observed_edge2_share": 0.35107611986238013,
      "baseline_edge2_share": 0.17645591198844846,
      "edge2_enrichment": 1.9895968114990845,
      "observed_d4_share": 0.8237923207303445,
      "baseline_d4_share": 0.1520093256765196,
      "d4_enrichment": 5.419353826247471,
      "left_share": 0.7668946919108076,
      "right_share": 0.16077107128308896,
      "center_share": 0.07233423680610346,
      "window_mode": "even",
      "window_size": 10000000,
      "sampled_gap_count": 4821396,
      "approximate_gap_count": 48213960,
      "seed": null
    },
    {
      "scale": 10000000000,
      "gap_count": 4413118,
      "observed_edge2_share": 0.3339675032482703,
      "baseline_edge2_share": 0.16751578811098208,
      "edge2_enrichment": 1.9936479242601963,
      "observed_d4_share": 0.8238243346314329,
      "baseline_d4_share": 0.1430652284795237,
      "d4_enrichment": 5.758382685904307,
      "left_share": 0.7709184300079898,
      "right_share": 0.16097507476573253,
      "center_share": 0.06810649522627765,
      "window_mode": "even",
      "window_size": 10000000,
      "sampled_gap_count": 4413118,
      "approximate_gap_count": 441311800,
      "seed": null
    },
    {
      "scale": 100000000000,
      "gap_count": 4075517,
      "observed_edge2_share": 0.31917079477278587,
      "baseline_edge2_share": 0.16009703499191263,
      "edge2_enrichment": 1.9936084062325634,
      "observed_d4_share": 0.8239420912733281,
      "baseline_d4_share": 0.13582078501818928,
      "d4_enrichment": 6.066391761489117,
      "left_share": 0.7742063154196143,
      "right_share": 0.16106668184674483,
      "center_share": 0.0647270027336409,
      "window_mode": "even",
      "window_size": 10000000,
      "sampled_gap_count": 4075517,
      "approximate_gap_count": 4075517000,
      "seed": null
    },
    {
      "scale": 1000000000000,
      "gap_count": 3794998,
      "observed_edge2_share": 0.30660042508586305,
      "baseline_edge2_share": 0.15384787237743663,
      "edge2_enrichment": 1.9928805016794573,
      "observed_d4_share": 0.8242597229300253,
      "baseline_d4_share": 0.1297621824758343,
      "d4_enrichment": 6.352079683027277,
      "left_share": 0.7773658905749093,
      "right_share": 0.16072287785131903,
      "center_share": 0.06191123157377158,
      "window_mode": "even",
      "window_size": 10000000,
      "sampled_gap_count": 3794998,
      "approximate_gap_count": 37949980000,
      "seed": null
    },
    {
      "scale": 10000000000000,
      "gap_count": 3553631,
      "observed_edge2_share": 0.2965504859677327,
      "baseline_edge2_share": 0.14857542345103386,
      "edge2_enrichment": 1.995959217746851,
      "observed_d4_share": 0.8245504386921433,
      "baseline_d4_share": 0.1248058597462925,
      "d4_enrichment": 6.6066644656613365,
      "left_share": 0.7798550271539166,
      "right_share": 0.1604876814728372,
      "center_share": 0.05965729137324612,
      "window_mode": "even",
      "window_size": 10000000,
      "sampled_gap_count": 3553631,
      "approximate_gap_count": 355363100000,
      "seed": null
    },
    {
      "scale": 100000000000000,
      "gap_count": 3347146,
      "observed_edge2_share": 0.2874502635977038,
      "baseline_edge2_share": 0.14400641304394668,
      "edge2_enrichment": 1.9960934900168796,
      "observed_d4_share": 0.8251083161594983,
      "baseline_d4_share": 0.12062983590803703,
      "d4_enrichment": 6.840001977525073,
      "left_share": 0.7819909857532358,
      "right_share": 0.16054393802959296,
      "center_share": 0.057465076217171285,
      "window_mode": "even",
      "window_size": 10000000,
      "sampled_gap_count": 3347146,
      "approximate_gap_count": 3347146000000,
      "seed": null
    },
    {
      "scale": 1000000000000000,
      "gap_count": 3168179,
      "observed_edge2_share": 0.27914868446511387,
      "baseline_edge2_share": 0.1400994227121344,
      "edge2_enrichment": 1.992504173544578,
      "observed_d4_share": 0.8257772051389773,
      "baseline_d4_share": 0.11710216251413981,
      "d4_enrichment": 7.051767340669449,
      "left_share": 0.7838079855967734,
      "right_share": 0.1602459962016035,
      "center_share": 0.05594601820162308,
      "window_mode": "even",
      "window_size": 10000000,
      "sampled_gap_count": 3168179,
      "approximate_gap_count": 31681790000000,
      "seed": null
    },
    {
      "scale": 10000000000000000,
      "gap_count": 3011976,
      "observed_edge2_share": 0.27302773992887064,
      "baseline_edge2_share": 0.13689845543583268,
      "edge2_enrichment": 1.994381449079568,
      "observed_d4_share": 0.8259494763570493,
      "baseline_d4_share": 0.11405471316094998,
      "d4_enrichment": 7.241695265950988,
      "left_share": 0.7855663524543356,
      "right_share": 0.16007199260551877,
      "center_share": 0.0543616549401456,
      "window_mode": "even",
      "window_size": 10000000,
      "sampled_gap_count": 3011976,
      "approximate_gap_count": 301197600000000,
      "seed": null
    },
    {
      "scale": 100000000000000000,
      "gap_count": 2870912,
      "observed_edge2_share": 0.2672446943688974,
      "baseline_edge2_share": 0.1339680056893186,
      "edge2_enrichment": 1.9948396857430049,
      "observed_d4_share": 0.8267728164429979,
      "baseline_d4_share": 0.1115877658216757,
      "d4_enrichment": 7.409170802507446,
      "left_share": 0.7867768151723216,
      "right_share": 0.15991573409425297,
      "center_share": 0.05330745073342548,
      "window_mode": "even",
      "window_size": 10000000,
      "sampled_gap_count": 2870912,
      "approximate_gap_count": 2870912000000000,
      "seed": null
    },
    {
      "scale": 1000000000000000000,
      "gap_count": 2746027,
      "observed_edge2_share": 0.2618808919213103,
      "baseline_edge2_share": 0.1313835655120808,
      "edge2_enrichment": 1.9932545665099202,
      "observed_d4_share": 0.8274507133396722,