{
  "scale": 5000000,
  "mode": "exact",
  "window_mode": "exact",
  "score_function_name": "log(n)",
  "lo": 2,
  "hi": 5000001,
  "window_size": 4999999,
  "seed": null,
  "gap_count": 316048,
  "counterexample_count": 0,
  "match_count": 316048,
  "match_rate": 1.0,
  "counterexample_rate": 0.0,
  "max_gap": 154,
  "min_score_margin": 2.0000422118471306e-07,
  "min_margin_gap": {
    "left_prime": 4999889,
    "right_prime": 4999913,
    "gap": 24,
    "best_n": 4999894,
    "best_d": 4,
    "lex_n": 4999894,
    "lex_d": 4,
    "score_margin": 2.0000422118471306e-07,
    "score_function_name": "log(n)"
  },
  "counterexample_examples": [],
  "observed_edge2_share": 0.41079519566648104,
  "baseline_edge2_share": 0.2081403985726587,
  "edge2_enrichment": 1.9736447056099904,
  "observed_d4_share": 0.8254347440895053,
  "baseline_d4_share": 0.18538118361942227,
  "d4_enrichment": 4.452634986860797,
  "left_share": 0.7521800486002126,
  "right_share": 0.16014339593985724,
  "center_share": 0.08767655545993014,
  "winner_d_counts": {
    "3": 330,
    "4": 260877,
    "6": 12276,
    "8": 34667,
    "9": 12,
    "10": 480,
    "12": 3997,
    "14": 54,
    "15": 5,
    "16": 3031,
    "18": 27,
    "20": 91,
    "24": 172,
    "28": 3,
    "30": 3,
    "32": 23
  },
  "runtime_seconds": 6.637961850000011
}