{
  "min_prime": 3,
  "max_prime": 10000000,
  "tested_prime_count": 664578,
  "first_tested_prime": 3,
  "last_tested_prime": 9999991,
  "max_dynamic_cutoff_utilization": 0.7317073170731707,
  "max_row": {
    "p": 6424279,
    "previous_prime": 41271360669481,
    "next_prime": 41271360669857,
    "offset": 360,
    "gap_width": 376,
    "left_share": 0.9574468085106383,
    "gap_cutoff_ratio": 0.7642276422764228,
    "dynamic_cutoff": 492,
    "dynamic_cutoff_utilization": 0.7317073170731707,
    "o_q": 6,
    "elapsed_seconds": 7.356391906738281
  },
  "mean_left_share": 0.4538440663687442,
  "mean_gap_cutoff_ratio": 0.13409849978900815,
  "share_left_share_ge_0_75": 0.1714290873306068,
  "share_left_share_ge_0_90": 0.035524799195880696,
  "share_gap_cutoff_ratio_ge_0_75": 7.222628495075071e-05,
  "share_gap_cutoff_ratio_ge_1_00": 1.5047142698073062e-06,
  "o_q_counts": {
    "2": 281810,
    "4": 243375,
    "6": 139393
  },
  "top_utilization_quantiles": [
    {
      "quantile": 0.9,
      "utilization_threshold": 0.14376321353065538,
      "row_count": 66504,
      "mean_left_share": 0.7609651316505601,
      "mean_gap_cutoff_ratio": 0.2742375630156846,
      "share_left_share_ge_0_75": 0.5944153735113678,
      "share_left_share_ge_0_90": 0.18887585709130278,
      "share_gap_cutoff_ratio_ge_0_75": 0.0006315409599422591,
      "share_gap_cutoff_ratio_ge_1_00": 0.0,
      "o_q_counts": {
        "2": 24689,
        "4": 25471,
        "6": 16344
      }
    },
    {
      "quantile": 0.95,
      "utilization_threshold": 0.18532818532818532,
      "row_count": 33257,
      "mean_left_share": 0.792285927499882,
      "mean_gap_cutoff_ratio": 0.31444057297826433,
      "share_left_share_ge_0_75": 0.6789247376492167,
      "share_left_share_ge_0_90": 0.24542201641759628,
      "share_gap_cutoff_ratio_ge_0_75": 0.0011726854496797666,
      "share_gap_cutoff_ratio_ge_1_00": 0.0,
      "o_q_counts": {
        "2": 12018,
        "4": 12725,
        "6": 8514
      }
    },
    {
      "quantile": 0.99,
      "utilization_threshold": 0.27800829875518673,
      "row_count": 6646,
      "mean_left_share": 0.8359394630862456,
      "mean_gap_cutoff_ratio": 0.41189725976175445,
      "share_left_share_ge_0_75": 0.791904905206139,
      "share_left_share_ge_0_90": 0.34020463436653625,
      "share_gap_cutoff_ratio_ge_0_75": 0.004814926271441469,
      "share_gap_cutoff_ratio_ge_1_00": 0.0,
      "o_q_counts": {
        "2": 2386,
        "4": 2447,
        "6": 1813
      }
    },
    {
      "quantile": 0.999,
      "utilization_threshold": 0.41916167664670656,
      "row_count": 666,
      "mean_left_share": 0.8746618769326594,
      "mean_gap_cutoff_ratio": 0.5494698753706281,
      "share_left_share_ge_0_75": 0.9114114114114115,
      "share_left_share_ge_0_90": 0.47297297297297297,
      "share_gap_cutoff_ratio_ge_0_75": 0.02702702702702703,
      "share_gap_cutoff_ratio_ge_1_00": 0.0,
      "o_q_counts": {
        "2": 212,
        "4": 281,
        "6": 173
      }
    }
  ],
  "frontier_row_count": 10,
  "elapsed_seconds": 12.779224634170532
}
