{
  "limit": 10000000,
  "gaps": 664575,
  "applicable_gaps": 425526,
  "applicable_share": 0.6402979347703419,
  "mean_baseline_tests": 4.0125839822442915,
  "mean_hybrid_tests": 3.075825903773088,
  "mean_saved_tests_overall": 0.9367580784712034,
  "mean_saved_tests_applicable": 1.4630034357477568,
  "overall_reduction_fraction": 0.23345507100072263,
  "offset_2_4_6_share_of_applicable": 0.7859355245037906,
  "witness_offset_counts": {
    "2": 106819,
    "4": 107183,
    "6": 120434,
    "8": 28402,
    "10": 32113,
    "12": 17511,
    "14": 6235,
    "16": 2386,
    "18": 2961,
    "20": 525,
    "22": 501,
    "24": 320,
    "26": 50,
    "28": 47,
    "30": 31,
    "32": 4,
    "34": 2,
    "36": 1,
    "40": 1
  },
  "saved_counts_all": {
    "0": 239049,
    "1": 285216,
    "2": 98456,
    "3": 30704,
    "4": 8326,
    "5": 2149,
    "6": 516,
    "7": 120,
    "8": 31,
    "9": 7,
    "10": 1
  },
  "saved_counts_applicable": {
    "1": 285216,
    "2": 98456,
    "3": 30704,
    "4": 8326,
    "5": 2149,
    "6": 516,
    "7": 120,
    "8": 31,
    "9": 7,
    "10": 1
  }
}
